Feature,Importance
writing score,0.3495147625284939
reading score,0.30477587559255126
math score,0.286261063842308
lunch,0.017653888079084516
gender,0.014134987915395875
test preparation course,0.010550658893929095
race/ethnicity,0.00979489100649845
parental level of education,0.007313872141739013
